molecule,basis,run_id,parameters,qubits,gates,single_qubit_gates,two_qubit_gates,multi_qubit_gates,sampling_dim,pre_time,sampling_time,total_time,memory_mb,hostname,resource_estimation
H2,sto3g,1,3,4,19,6,12,1,4,0.026073428999950465,0.013727353999968273,0.03980078299991874,720.146432,QclairServer,"{'X': 6, 'CX': 10, 'CRy(θ)': 2, 'CCCRy(θ)': 1}"
H2,sto3g,2,3,4,19,6,12,1,4,0.026073428999950465,0.003037054000003536,0.029110482999954,720.67072,QclairServer,"{'X': 6, 'CX': 10, 'CRy(θ)': 2, 'CCCRy(θ)': 1}"
H2,sto3g,3,3,4,19,6,12,1,4,0.026073428999950465,0.0016865030000303705,0.027759931999980836,720.67072,QclairServer,"{'X': 6, 'CX': 10, 'CRy(θ)': 2, 'CCCRy(θ)': 1}"
H2,sto3g,4,3,4,19,6,12,1,4,0.026073428999950465,0.0016167050000035488,0.027690133999954014,720.67072,QclairServer,"{'X': 6, 'CX': 10, 'CRy(θ)': 2, 'CCCRy(θ)': 1}"
H2,sto3g,5,3,4,19,6,12,1,4,0.026073428999950465,0.0015234390000387066,0.027596867999989172,720.67072,QclairServer,"{'X': 6, 'CX': 10, 'CRy(θ)': 2, 'CCCRy(θ)': 1}"
H2,sto3g,6,3,4,19,6,12,1,4,0.026073428999950465,0.0015755310000145073,0.027648959999964973,720.67072,QclairServer,"{'X': 6, 'CX': 10, 'CRy(θ)': 2, 'CCCRy(θ)': 1}"
H2,sto3g,7,3,4,19,6,12,1,4,0.026073428999950465,0.0015927080000324167,0.027666136999982882,720.67072,QclairServer,"{'X': 6, 'CX': 10, 'CRy(θ)': 2, 'CCCRy(θ)': 1}"
H2,sto3g,8,3,4,19,6,12,1,4,0.026073428999950465,0.001517491000015525,0.02759091999996599,720.67072,QclairServer,"{'X': 6, 'CX': 10, 'CRy(θ)': 2, 'CCCRy(θ)': 1}"
H2,sto3g,9,3,4,19,6,12,1,4,0.026073428999950465,0.001582051000013962,0.027655479999964427,720.67072,QclairServer,"{'X': 6, 'CX': 10, 'CRy(θ)': 2, 'CCCRy(θ)': 1}"
H2,sto3g,10,3,4,19,6,12,1,4,0.026073428999950465,0.001503747999947791,0.027577176999898256,720.67072,QclairServer,"{'X': 6, 'CX': 10, 'CRy(θ)': 2, 'CCCRy(θ)': 1}"
H2,sto3g,11,3,4,19,6,12,1,4,0.026073428999950465,0.0015056720000075074,0.027579100999957973,720.67072,QclairServer,"{'X': 6, 'CX': 10, 'CRy(θ)': 2, 'CCCRy(θ)': 1}"
H3,sto3g,1,8,6,58,18,36,4,9,0.00010572500002581364,0.002584159000036834,0.002689884000062648,720.67072,QclairServer,"{'X': 18, 'CX': 32, 'CRy(θ)': 4, 'CCCRy(θ)': 4}"
H3,sto3g,2,8,6,58,18,36,4,9,0.00010572500002581364,0.001914306999992732,0.0020200320000185457,720.67072,QclairServer,"{'X': 18, 'CX': 32, 'CRy(θ)': 4, 'CCCRy(θ)': 4}"
H3,sto3g,3,8,6,58,18,36,4,9,0.00010572500002581364,0.0018277429999784545,0.001933468000004268,720.67072,QclairServer,"{'X': 18, 'CX': 32, 'CRy(θ)': 4, 'CCCRy(θ)': 4}"
H3,sto3g,4,8,6,58,18,36,4,9,0.00010572500002581364,0.0018306070000448926,0.0019363320000707063,720.67072,QclairServer,"{'X': 18, 'CX': 32, 'CRy(θ)': 4, 'CCCRy(θ)': 4}"
H3,sto3g,5,8,6,58,18,36,4,9,0.00010572500002581364,0.0018312189999960538,0.0019369440000218674,720.67072,QclairServer,"{'X': 18, 'CX': 32, 'CRy(θ)': 4, 'CCCRy(θ)': 4}"
H3,sto3g,6,8,6,58,18,36,4,9,0.00010572500002581364,0.0018391810000366604,0.001944906000062474,720.67072,QclairServer,"{'X': 18, 'CX': 32, 'CRy(θ)': 4, 'CCCRy(θ)': 4}"
H3,sto3g,7,8,6,58,18,36,4,9,0.00010572500002581364,0.0018317490000185899,0.0019374740000444035,720.67072,QclairServer,"{'X': 18, 'CX': 32, 'CRy(θ)': 4, 'CCCRy(θ)': 4}"
H3,sto3g,8,8,6,58,18,36,4,9,0.00010572500002581364,0.0037938510000117276,0.0038995760000375412,720.67072,QclairServer,"{'X': 18, 'CX': 32, 'CRy(θ)': 4, 'CCCRy(θ)': 4}"
H3,sto3g,9,8,6,58,18,36,4,9,0.00010572500002581364,0.0018764390000001185,0.001982164000025932,720.67072,QclairServer,"{'X': 18, 'CX': 32, 'CRy(θ)': 4, 'CCCRy(θ)': 4}"
H3,sto3g,10,8,6,58,18,36,4,9,0.00010572500002581364,0.0018130099999780214,0.001918735000003835,720.67072,QclairServer,"{'X': 18, 'CX': 32, 'CRy(θ)': 4, 'CCCRy(θ)': 4}"
H3,sto3g,11,8,6,58,18,36,4,9,0.00010572500002581364,0.001808192999988023,0.0019139180000138367,720.67072,QclairServer,"{'X': 18, 'CX': 32, 'CRy(θ)': 4, 'CCCRy(θ)': 4}"
H4,sto3g,1,26,8,226,76,132,18,32,6.662399999868285e-05,0.0027734239999972488,0.0028400479999959316,720.67072,QclairServer,"{'X': 76, 'CX': 124, 'CRy(θ)': 8, 'CCCRy(θ)': 18}"
H4,sto3g,2,26,8,226,76,132,18,33,6.662399999868285e-05,0.002884537999989334,0.0029511619999880168,721.195008,QclairServer,"{'X': 76, 'CX': 124, 'CRy(θ)': 8, 'CCCRy(θ)': 18}"
H4,sto3g,3,26,8,226,76,132,18,33,6.662399999868285e-05,0.005050596000046426,0.0051172200000451085,721.195008,QclairServer,"{'X': 76, 'CX': 124, 'CRy(θ)': 8, 'CCCRy(θ)': 18}"
H4,sto3g,4,26,8,226,76,132,18,32,6.662399999868285e-05,0.002823061000015059,0.002889685000013742,721.195008,QclairServer,"{'X': 76, 'CX': 124, 'CRy(θ)': 8, 'CCCRy(θ)': 18}"
H4,sto3g,5,26,8,226,76,132,18,34,6.662399999868285e-05,0.002727052000011554,0.0027936760000102367,721.195008,QclairServer,"{'X': 76, 'CX': 124, 'CRy(θ)': 8, 'CCCRy(θ)': 18}"
H4,sto3g,6,26,8,226,76,132,18,31,6.662399999868285e-05,0.002768606999950407,0.00283523099994909,721.195008,QclairServer,"{'X': 76, 'CX': 124, 'CRy(θ)': 8, 'CCCRy(θ)': 18}"
H4,sto3g,7,26,8,226,76,132,18,32,6.662399999868285e-05,0.00270711000001711,0.002773734000015793,721.195008,QclairServer,"{'X': 76, 'CX': 124, 'CRy(θ)': 8, 'CCCRy(θ)': 18}"
H4,sto3g,8,26,8,226,76,132,18,30,6.662399999868285e-05,0.004255129000000579,0.004321752999999262,721.195008,QclairServer,"{'X': 76, 'CX': 124, 'CRy(θ)': 8, 'CCCRy(θ)': 18}"
H4,sto3g,9,26,8,226,76,132,18,32,6.662399999868285e-05,0.0027747259999841845,0.0028413499999828673,721.195008,QclairServer,"{'X': 76, 'CX': 124, 'CRy(θ)': 8, 'CCCRy(θ)': 18}"
H4,sto3g,10,26,8,226,76,132,18,33,6.662399999868285e-05,0.0027391410000063843,0.002805765000005067,721.195008,QclairServer,"{'X': 76, 'CX': 124, 'CRy(θ)': 8, 'CCCRy(θ)': 18}"
H4,sto3g,11,26,8,226,76,132,18,32,6.662399999868285e-05,0.002705187999993086,0.002771811999991769,721.195008,QclairServer,"{'X': 76, 'CX': 124, 'CRy(θ)': 8, 'CCCRy(θ)': 18}"
H5,sto3g,1,54,10,502,172,288,42,86,9.117199999764125e-05,0.004410450000023047,0.004501622000020689,724.86912,QclairServer,"{'X': 172, 'CX': 276, 'CRy(θ)': 12, 'CCCRy(θ)': 42}"
H5,sto3g,2,54,10,502,172,288,42,84,9.117199999764125e-05,0.004418121999947289,0.00450929399994493,725.393408,QclairServer,"{'X': 172, 'CX': 276, 'CRy(θ)': 12, 'CCCRy(θ)': 42}"
H5,sto3g,3,54,10,502,172,288,42,88,9.117199999764125e-05,0.0044405969999843364,0.004531768999981978,725.393408,QclairServer,"{'X': 172, 'CX': 276, 'CRy(θ)': 12, 'CCCRy(θ)': 42}"
H5,sto3g,4,54,10,502,172,288,42,87,9.117199999764125e-05,0.005871492999972361,0.005962664999970002,725.393408,QclairServer,"{'X': 172, 'CX': 276, 'CRy(θ)': 12, 'CCCRy(θ)': 42}"
H5,sto3g,5,54,10,502,172,288,42,86,9.117199999764125e-05,0.004399223000007169,0.00449039500000481,725.393408,QclairServer,"{'X': 172, 'CX': 276, 'CRy(θ)': 12, 'CCCRy(θ)': 42}"
H5,sto3g,6,54,10,502,172,288,42,85,9.117199999764125e-05,0.00441951400000562,0.004510686000003261,725.917696,QclairServer,"{'X': 172, 'CX': 276, 'CRy(θ)': 12, 'CCCRy(θ)': 42}"
H5,sto3g,7,54,10,502,172,288,42,88,9.117199999764125e-05,0.004618613999980425,0.004709785999978067,725.917696,QclairServer,"{'X': 172, 'CX': 276, 'CRy(θ)': 12, 'CCCRy(θ)': 42}"
H5,sto3g,8,54,10,502,172,288,42,89,9.117199999764125e-05,0.004435289000014109,0.00452646100001175,725.917696,QclairServer,"{'X': 172, 'CX': 276, 'CRy(θ)': 12, 'CCCRy(θ)': 42}"
H5,sto3g,9,54,10,502,172,288,42,86,9.117199999764125e-05,0.004372461000002659,0.0044636330000003,725.917696,QclairServer,"{'X': 172, 'CX': 276, 'CRy(θ)': 12, 'CCCRy(θ)': 42}"
H5,sto3g,10,54,10,502,172,288,42,85,9.117199999764125e-05,0.004419203999987076,0.004510375999984717,726.441984,QclairServer,"{'X': 172, 'CX': 276, 'CRy(θ)': 12, 'CCCRy(θ)': 42}"
H5,sto3g,11,54,10,502,172,288,42,87,9.117199999764125e-05,0.005846855000015694,0.005938027000013335,726.441984,QclairServer,"{'X': 172, 'CX': 276, 'CRy(θ)': 12, 'CCCRy(θ)': 42}"
H6,sto3g,1,117,12,1149,402,648,99,352,0.00014754000000039014,0.00949767399998791,0.0096452139999883,728.014848,QclairServer,"{'X': 402, 'CX': 630, 'CRy(θ)': 18, 'CCCRy(θ)': 99}"
H6,sto3g,2,117,12,1149,402,648,99,352,0.00014754000000039014,0.008273438999992777,0.008420978999993167,729.063424,QclairServer,"{'X': 402, 'CX': 630, 'CRy(θ)': 18, 'CCCRy(θ)': 99}"
H6,sto3g,3,117,12,1149,402,648,99,344,0.00014754000000039014,0.009610628999951132,0.009758168999951522,729.587712,QclairServer,"{'X': 402, 'CX': 630, 'CRy(θ)': 18, 'CCCRy(θ)': 99}"
H6,sto3g,4,117,12,1149,402,648,99,350,0.00014754000000039014,0.008278316999962954,0.008425856999963344,729.587712,QclairServer,"{'X': 402, 'CX': 630, 'CRy(θ)': 18, 'CCCRy(θ)': 99}"
H6,sto3g,5,117,12,1149,402,648,99,354,0.00014754000000039014,0.008810413999981392,0.008957953999981783,729.587712,QclairServer,"{'X': 402, 'CX': 630, 'CRy(θ)': 18, 'CCCRy(θ)': 99}"
H6,sto3g,6,117,12,1149,402,648,99,350,0.00014754000000039014,0.008222891000002619,0.008370431000003009,730.112,QclairServer,"{'X': 402, 'CX': 630, 'CRy(θ)': 18, 'CCCRy(θ)': 99}"
H6,sto3g,7,117,12,1149,402,648,99,342,0.00014754000000039014,0.008387948000006418,0.008535488000006808,730.112,QclairServer,"{'X': 402, 'CX': 630, 'CRy(θ)': 18, 'CCCRy(θ)': 99}"
H6,sto3g,8,117,12,1149,402,648,99,342,0.00014754000000039014,0.008249531999979354,0.008397071999979744,731.160576,QclairServer,"{'X': 402, 'CX': 630, 'CRy(θ)': 18, 'CCCRy(θ)': 99}"
H6,sto3g,9,117,12,1149,402,648,99,353,0.00014754000000039014,0.008333942999968258,0.008481482999968648,731.160576,QclairServer,"{'X': 402, 'CX': 630, 'CRy(θ)': 18, 'CCCRy(θ)': 99}"
H6,sto3g,10,117,12,1149,402,648,99,354,0.00014754000000039014,0.008342606000041997,0.008490146000042387,731.684864,QclairServer,"{'X': 402, 'CX': 630, 'CRy(θ)': 18, 'CCCRy(θ)': 99}"
H6,sto3g,11,117,12,1149,402,648,99,350,0.00014754000000039014,0.008339521999971566,0.008487061999971957,731.684864,QclairServer,"{'X': 402, 'CX': 630, 'CRy(θ)': 18, 'CCCRy(θ)': 99}"
H7,sto3g,1,204,14,2058,726,1152,180,914,0.0002216550000184725,0.015811294000002363,0.016032949000020835,734.830592,QclairServer,"{'X': 726, 'CX': 1128, 'CRy(θ)': 24, 'CCCRy(θ)': 180}"
H7,sto3g,2,204,14,2058,726,1152,180,908,0.0002216550000184725,0.01713306999999986,0.017354725000018334,735.879168,QclairServer,"{'X': 726, 'CX': 1128, 'CRy(θ)': 24, 'CCCRy(θ)': 180}"
H7,sto3g,3,204,14,2058,726,1152,180,909,0.0002216550000184725,0.015212893000011718,0.01543454800003019,736.927744,QclairServer,"{'X': 726, 'CX': 1128, 'CRy(θ)': 24, 'CCCRy(θ)': 180}"
H7,sto3g,4,204,14,2058,726,1152,180,896,0.0002216550000184725,0.015675923000003422,0.015897578000021895,737.452032,QclairServer,"{'X': 726, 'CX': 1128, 'CRy(θ)': 24, 'CCCRy(θ)': 180}"
H7,sto3g,5,204,14,2058,726,1152,180,910,0.0002216550000184725,0.015768825999998626,0.0159904810000171,738.500608,QclairServer,"{'X': 726, 'CX': 1128, 'CRy(θ)': 24, 'CCCRy(θ)': 180}"
H7,sto3g,6,204,14,2058,726,1152,180,900,0.0002216550000184725,0.015981955999961883,0.016203610999980356,739.549184,QclairServer,"{'X': 726, 'CX': 1128, 'CRy(θ)': 24, 'CCCRy(θ)': 180}"
H7,sto3g,7,204,14,2058,726,1152,180,890,0.0002216550000184725,0.016931182999996963,0.017152838000015436,740.073472,QclairServer,"{'X': 726, 'CX': 1128, 'CRy(θ)': 24, 'CCCRy(θ)': 180}"
H7,sto3g,8,204,14,2058,726,1152,180,901,0.0002216550000184725,0.016669476000004124,0.016891131000022597,740.59776,QclairServer,"{'X': 726, 'CX': 1128, 'CRy(θ)': 24, 'CCCRy(θ)': 180}"
H7,sto3g,9,204,14,2058,726,1152,180,901,0.0002216550000184725,0.015480366999952366,0.01570202199997084,741.646336,QclairServer,"{'X': 726, 'CX': 1128, 'CRy(θ)': 24, 'CCCRy(θ)': 180}"
H7,sto3g,10,204,14,2058,726,1152,180,893,0.0002216550000184725,0.015223907999995845,0.015445563000014317,742.694912,QclairServer,"{'X': 726, 'CX': 1128, 'CRy(θ)': 24, 'CCCRy(θ)': 180}"
H7,sto3g,11,204,14,2058,726,1152,180,905,0.0002216550000184725,0.013981396000019686,0.014203051000038158,743.2192,QclairServer,"{'X': 726, 'CX': 1128, 'CRy(θ)': 24, 'CCCRy(θ)': 180}"
H8,sto3g,1,360,16,3712,1320,2064,328,2332,0.0004496889999927589,0.02529176100000541,0.025741449999998167,748.46208,QclairServer,"{'X': 1320, 'CX': 2032, 'CRy(θ)': 32, 'CCCRy(θ)': 328}"
H8,sto3g,2,360,16,3712,1320,2064,328,2350,0.0004496889999927589,0.025532945999998446,0.025982634999991205,750.559232,QclairServer,"{'X': 1320, 'CX': 2032, 'CRy(θ)': 32, 'CCCRy(θ)': 328}"
H8,sto3g,3,360,16,3712,1320,2064,328,2386,0.0004496889999927589,0.025675067000008767,0.026124756000001526,752.132096,QclairServer,"{'X': 1320, 'CX': 2032, 'CRy(θ)': 32, 'CCCRy(θ)': 328}"
H8,sto3g,4,360,16,3712,1320,2064,328,2365,0.0004496889999927589,0.025669698999990942,0.0261193879999837,753.70496,QclairServer,"{'X': 1320, 'CX': 2032, 'CRy(θ)': 32, 'CCCRy(θ)': 328}"
H8,sto3g,5,360,16,3712,1320,2064,328,2354,0.0004496889999927589,0.02563750799998843,0.026087196999981188,754.753536,QclairServer,"{'X': 1320, 'CX': 2032, 'CRy(θ)': 32, 'CCCRy(θ)': 328}"
H8,sto3g,6,360,16,3712,1320,2064,328,2353,0.0004496889999927589,0.025851189999968938,0.026300878999961697,756.850688,QclairServer,"{'X': 1320, 'CX': 2032, 'CRy(θ)': 32, 'CCCRy(θ)': 328}"
H8,sto3g,7,360,16,3712,1320,2064,328,2360,0.0004496889999927589,0.025696539999955803,0.026146228999948562,758.423552,QclairServer,"{'X': 1320, 'CX': 2032, 'CRy(θ)': 32, 'CCCRy(θ)': 328}"
H8,sto3g,8,360,16,3712,1320,2064,328,2390,0.0004496889999927589,0.025453572000003533,0.02590326099999629,759.996416,QclairServer,"{'X': 1320, 'CX': 2032, 'CRy(θ)': 32, 'CCCRy(θ)': 328}"
H8,sto3g,9,360,16,3712,1320,2064,328,2342,0.0004496889999927589,0.025453761999983726,0.025903450999976485,761.044992,QclairServer,"{'X': 1320, 'CX': 2032, 'CRy(θ)': 32, 'CCCRy(θ)': 328}"
H8,sto3g,10,360,16,3712,1320,2064,328,2377,0.0004496889999927589,0.025430105999987518,0.025879794999980277,762.617856,QclairServer,"{'X': 1320, 'CX': 2032, 'CRy(θ)': 32, 'CCCRy(θ)': 328}"
H8,sto3g,11,360,16,3712,1320,2064,328,2381,0.0004496889999927589,0.025403493999988314,0.025853182999981072,764.19072,QclairServer,"{'X': 1320, 'CX': 2032, 'CRy(θ)': 32, 'CCCRy(θ)': 328}"
H9,sto3g,1,560,18,5848,2088,3240,520,4947,0.0006221470000014051,0.049351635999983046,0.04997378299998445,774.67648,QclairServer,"{'X': 2088, 'CX': 3200, 'CRy(θ)': 40, 'CCCRy(θ)': 520}"
H9,sto3g,2,560,18,5848,2088,3240,520,5022,0.0006221470000014051,0.04967794399999548,0.05030009099999688,777.822208,QclairServer,"{'X': 2088, 'CX': 3200, 'CRy(θ)': 40, 'CCCRy(θ)': 520}"
H9,sto3g,3,560,18,5848,2088,3240,520,4992,0.0006221470000014051,0.050619137000012415,0.05124128400001382,780.443648,QclairServer,"{'X': 2088, 'CX': 3200, 'CRy(θ)': 40, 'CCCRy(θ)': 520}"
H9,sto3g,4,560,18,5848,2088,3240,520,5025,0.0006221470000014051,0.049862840999992386,0.05048498799999379,783.065088,QclairServer,"{'X': 2088, 'CX': 3200, 'CRy(θ)': 40, 'CCCRy(θ)': 520}"
H9,sto3g,5,560,18,5848,2088,3240,520,5031,0.0006221470000014051,0.050328534000016134,0.05095068100001754,785.686528,QclairServer,"{'X': 2088, 'CX': 3200, 'CRy(θ)': 40, 'CCCRy(θ)': 520}"
H9,sto3g,6,560,18,5848,2088,3240,520,5034,0.0006221470000014051,0.04998305800000935,0.050605205000010756,788.832256,QclairServer,"{'X': 2088, 'CX': 3200, 'CRy(θ)': 40, 'CCCRy(θ)': 520}"
H9,sto3g,7,560,18,5848,2088,3240,520,4923,0.0006221470000014051,0.04999021899999434,0.050612365999995745,790.929408,QclairServer,"{'X': 2088, 'CX': 3200, 'CRy(θ)': 40, 'CCCRy(θ)': 520}"
H9,sto3g,8,560,18,5848,2088,3240,520,4983,0.0006221470000014051,0.049847416999966754,0.05046956399996816,794.075136,QclairServer,"{'X': 2088, 'CX': 3200, 'CRy(θ)': 40, 'CCCRy(θ)': 520}"
H9,sto3g,9,560,18,5848,2088,3240,520,5013,0.0006221470000014051,0.05017594699995698,0.05079809399995838,796.696576,QclairServer,"{'X': 2088, 'CX': 3200, 'CRy(θ)': 40, 'CCCRy(θ)': 520}"
H9,sto3g,10,560,18,5848,2088,3240,520,4961,0.0006221470000014051,0.05005586099997572,0.050678007999977126,799.318016,QclairServer,"{'X': 2088, 'CX': 3200, 'CRy(θ)': 40, 'CCCRy(θ)': 520}"
H9,sto3g,11,560,18,5848,2088,3240,520,4974,0.0006221470000014051,0.04991814099997782,0.05054028799997923,801.939456,QclairServer,"{'X': 2088, 'CX': 3200, 'CRy(θ)': 40, 'CCCRy(θ)': 520}"
H10,sto3g,1,875,20,9235,3310,5100,825,7006,0.0009494149999795809,0.17158000900002435,0.17252942400000393,817.143808,QclairServer,"{'X': 3310, 'CX': 5050, 'CRy(θ)': 50, 'CCCRy(θ)': 825}"
H10,sto3g,2,875,20,9235,3310,5100,825,7039,0.0009494149999795809,0.17338722800002415,0.17433664300000373,821.8624,QclairServer,"{'X': 3310, 'CX': 5050, 'CRy(θ)': 50, 'CCCRy(θ)': 825}"
H10,sto3g,3,875,20,9235,3310,5100,825,6955,0.0009494149999795809,0.17318879900000184,0.17413821399998142,826.056704,QclairServer,"{'X': 3310, 'CX': 5050, 'CRy(θ)': 50, 'CCCRy(θ)': 825}"
H10,sto3g,4,875,20,9235,3310,5100,825,7059,0.0009494149999795809,0.17215108700003157,0.17310050200001115,830.775296,QclairServer,"{'X': 3310, 'CX': 5050, 'CRy(θ)': 50, 'CCCRy(θ)': 825}"
H10,sto3g,5,875,20,9235,3310,5100,825,7019,0.0009494149999795809,0.17267922999997154,0.17362864499995112,834.9696,QclairServer,"{'X': 3310, 'CX': 5050, 'CRy(θ)': 50, 'CCCRy(θ)': 825}"
H10,sto3g,6,875,20,9235,3310,5100,825,7007,0.0009494149999795809,0.17225607800003218,0.17320549300001176,839.163904,QclairServer,"{'X': 3310, 'CX': 5050, 'CRy(θ)': 50, 'CCCRy(θ)': 825}"
H10,sto3g,7,875,20,9235,3310,5100,825,7067,0.0009494149999795809,0.17191139199996996,0.17286080699994955,843.358208,QclairServer,"{'X': 3310, 'CX': 5050, 'CRy(θ)': 50, 'CCCRy(θ)': 825}"
H10,sto3g,8,875,20,9235,3310,5100,825,6924,0.0009494149999795809,0.17274531700002171,0.1736947320000013,847.552512,QclairServer,"{'X': 3310, 'CX': 5050, 'CRy(θ)': 50, 'CCCRy(θ)': 825}"
H10,sto3g,9,875,20,9235,3310,5100,825,7064,0.0009494149999795809,0.17422740899996825,0.17517682399994783,851.746816,QclairServer,"{'X': 3310, 'CX': 5050, 'CRy(θ)': 50, 'CCCRy(θ)': 825}"
H10,sto3g,10,875,20,9235,3310,5100,825,6892,0.0009494149999795809,0.1722436880000373,0.1731931030000169,856.465408,QclairServer,"{'X': 3310, 'CX': 5050, 'CRy(θ)': 50, 'CCCRy(θ)': 825}"
H10,sto3g,11,875,20,9235,3310,5100,825,7014,0.0009494149999795809,0.17393876099998806,0.17488817599996764,860.659712,QclairServer,"{'X': 3310, 'CX': 5050, 'CRy(θ)': 50, 'CCCRy(θ)': 825}"
H11,sto3g,1,1260,22,13390,4810,7380,1200,9201,0.001436409999996613,0.8120379380000031,0.8134743479999997,882.679808,QclairServer,"{'X': 4810, 'CX': 7320, 'CRy(θ)': 60, 'CCCRy(θ)': 1200}"
H11,sto3g,2,1260,22,13390,4810,7380,1200,9217,0.001436409999996613,0.8121407489999797,0.8135771589999763,890.01984,QclairServer,"{'X': 4810, 'CX': 7320, 'CRy(θ)': 60, 'CCCRy(θ)': 1200}"
H11,sto3g,3,1260,22,13390,4810,7380,1200,9235,0.001436409999996613,0.8150635659999921,0.8164999759999887,896.311296,QclairServer,"{'X': 4810, 'CX': 7320, 'CRy(θ)': 60, 'CCCRy(θ)': 1200}"
H11,sto3g,4,1260,22,13390,4810,7380,1200,9200,0.001436409999996613,0.8127419449999707,0.8141783549999673,903.12704,QclairServer,"{'X': 4810, 'CX': 7320, 'CRy(θ)': 60, 'CCCRy(θ)': 1200}"
H11,sto3g,5,1260,22,13390,4810,7380,1200,9252,0.001436409999996613,0.8149892019999925,0.8164256119999891,909.942784,QclairServer,"{'X': 4810, 'CX': 7320, 'CRy(θ)': 60, 'CCCRy(θ)': 1200}"
H11,sto3g,6,1260,22,13390,4810,7380,1200,9226,0.001436409999996613,0.8105619030000071,0.8119983130000037,916.758528,QclairServer,"{'X': 4810, 'CX': 7320, 'CRy(θ)': 60, 'CCCRy(θ)': 1200}"
H11,sto3g,7,1260,22,13390,4810,7380,1200,9240,0.001436409999996613,0.8148020509999583,0.8162384609999549,923.049984,QclairServer,"{'X': 4810, 'CX': 7320, 'CRy(θ)': 60, 'CCCRy(θ)': 1200}"
H11,sto3g,8,1260,22,13390,4810,7380,1200,9230,0.001436409999996613,0.8128257449999978,0.8142621549999944,929.865728,QclairServer,"{'X': 4810, 'CX': 7320, 'CRy(θ)': 60, 'CCCRy(θ)': 1200}"
H11,sto3g,9,1260,22,13390,4810,7380,1200,9203,0.001436409999996613,0.8150881629999844,0.816524572999981,936.681472,QclairServer,"{'X': 4810, 'CX': 7320, 'CRy(θ)': 60, 'CCCRy(θ)': 1200}"
H11,sto3g,10,1260,22,13390,4810,7380,1200,9178,0.001436409999996613,0.8117501020000191,0.8131865120000157,942.972928,QclairServer,"{'X': 4810, 'CX': 7320, 'CRy(θ)': 60, 'CCCRy(θ)': 1200}"
H11,sto3g,11,1260,22,13390,4810,7380,1200,9183,0.001436409999996613,0.814089330999991,0.8155257409999876,949.788672,QclairServer,"{'X': 4810, 'CX': 7320, 'CRy(θ)': 60, 'CCCRy(θ)': 1200}"
H12,sto3g,1,1818,24,19434,6996,10692,1746,9769,0.0020068930000434193,4.2807407420000345,4.282747635000078,982.294528,QclairServer,"{'X': 6996, 'CX': 10620, 'CRy(θ)': 72, 'CCCRy(θ)': 1746}"
H12,sto3g,2,1818,24,19434,6996,10692,1746,9739,0.0020068930000434193,4.276372559000038,4.278379452000081,992.780288,QclairServer,"{'X': 6996, 'CX': 10620, 'CRy(θ)': 72, 'CCCRy(θ)': 1746}"
H12,sto3g,3,1818,24,19434,6996,10692,1746,9780,0.0020068930000434193,4.276904139999999,4.278911033000043,1002.74176,QclairServer,"{'X': 6996, 'CX': 10620, 'CRy(θ)': 72, 'CCCRy(θ)': 1746}"
H12,sto3g,4,1818,24,19434,6996,10692,1746,9789,0.0020068930000434193,4.273648501000025,4.2756553940000686,1012.178944,QclairServer,"{'X': 6996, 'CX': 10620, 'CRy(θ)': 72, 'CCCRy(θ)': 1746}"
H12,sto3g,5,1818,24,19434,6996,10692,1746,9779,0.0020068930000434193,4.280922374999989,4.282929268000032,1022.140416,QclairServer,"{'X': 6996, 'CX': 10620, 'CRy(θ)': 72, 'CCCRy(θ)': 1746}"
H12,sto3g,6,1818,24,19434,6996,10692,1746,9757,0.0020068930000434193,4.270846819999974,4.272853713000018,1031.5776,QclairServer,"{'X': 6996, 'CX': 10620, 'CRy(θ)': 72, 'CCCRy(θ)': 1746}"
H12,sto3g,7,1818,24,19434,6996,10692,1746,9785,0.0020068930000434193,4.262496191999958,4.264503085000001,1041.539072,QclairServer,"{'X': 6996, 'CX': 10620, 'CRy(θ)': 72, 'CCCRy(θ)': 1746}"
H12,sto3g,8,1818,24,19434,6996,10692,1746,9813,0.0020068930000434193,4.262670109999988,4.264677003000031,1051.500544,QclairServer,"{'X': 6996, 'CX': 10620, 'CRy(θ)': 72, 'CCCRy(θ)': 1746}"
H12,sto3g,9,1818,24,19434,6996,10692,1746,9771,0.0020068930000434193,4.260432935999972,4.262439829000016,1061.462016,QclairServer,"{'X': 6996, 'CX': 10620, 'CRy(θ)': 72, 'CCCRy(θ)': 1746}"
H12,sto3g,10,1818,24,19434,6996,10692,1746,9777,0.0020068930000434193,4.258824940000011,4.260831833000054,1071.423488,QclairServer,"{'X': 6996, 'CX': 10620, 'CRy(θ)': 72, 'CCCRy(θ)': 1746}"
H12,sto3g,11,1818,24,19434,6996,10692,1746,9757,0.0020068930000434193,4.26238043799998,4.264387331000023,1080.860672,QclairServer,"{'X': 6996, 'CX': 10620, 'CRy(θ)': 72, 'CCCRy(θ)': 1746}"
H13,sto3g,1,2478,26,26598,9588,14616,2394,9952,0.002758680999988883,22.896765465999977,22.899524146999966,1124.376576,QclairServer,"{'X': 9588, 'CX': 14532, 'CRy(θ)': 84, 'CCCRy(θ)': 2394}"
H13,sto3g,2,2478,26,26598,9588,14616,2394,9952,0.002758680999988883,22.909169440000028,22.911928121000017,1138.532352,QclairServer,"{'X': 9588, 'CX': 14532, 'CRy(θ)': 84, 'CCCRy(θ)': 2394}"
H13,sto3g,3,2478,26,26598,9588,14616,2394,9941,0.002758680999988883,22.91970173200002,22.92246041300001,1153.212416,QclairServer,"{'X': 9588, 'CX': 14532, 'CRy(θ)': 84, 'CCCRy(θ)': 2394}"
H13,sto3g,4,2478,26,26598,9588,14616,2394,9947,0.002758680999988883,22.91440680400001,22.917165484999998,1167.368192,QclairServer,"{'X': 9588, 'CX': 14532, 'CRy(θ)': 84, 'CCCRy(θ)': 2394}"
H13,sto3g,5,2478,26,26598,9588,14616,2394,9950,0.002758680999988883,22.912365883000007,22.915124563999996,1181.523968,QclairServer,"{'X': 9588, 'CX': 14532, 'CRy(θ)': 84, 'CCCRy(θ)': 2394}"
H13,sto3g,6,2478,26,26598,9588,14616,2394,9937,0.002758680999988883,22.91268740000004,22.915446081000027,1195.679744,QclairServer,"{'X': 9588, 'CX': 14532, 'CRy(θ)': 84, 'CCCRy(θ)': 2394}"
H13,sto3g,7,2478,26,26598,9588,14616,2394,9951,0.002758680999988883,22.977028079999968,22.979786760999957,1210.359808,QclairServer,"{'X': 9588, 'CX': 14532, 'CRy(θ)': 84, 'CCCRy(θ)': 2394}"
H13,sto3g,8,2478,26,26598,9588,14616,2394,9949,0.002758680999988883,22.919752199999948,22.922510880999937,1224.515584,QclairServer,"{'X': 9588, 'CX': 14532, 'CRy(θ)': 84, 'CCCRy(θ)': 2394}"
H13,sto3g,9,2478,26,26598,9588,14616,2394,9953,0.002758680999988883,23.111550796000074,23.114309477000063,1239.195648,QclairServer,"{'X': 9588, 'CX': 14532, 'CRy(θ)': 84, 'CCCRy(θ)': 2394}"
H13,sto3g,10,2478,26,26598,9588,14616,2394,9947,0.002758680999988883,22.8517255270001,22.854484208000088,1253.351424,QclairServer,"{'X': 9588, 'CX': 14532, 'CRy(θ)': 84, 'CCCRy(θ)': 2394}"
H13,sto3g,11,2478,26,26598,9588,14616,2394,9948,0.002758680999988883,22.872399265000013,22.875157946,1267.5072,QclairServer,"{'X': 9588, 'CX': 14532, 'CRy(θ)': 84, 'CCCRy(θ)': 2394}"
H14,sto3g,1,3381,28,36421,13146,19992,3283,9984,0.003654750000009699,119.31692123899995,119.32057598899996,1327.80032,QclairServer,"{'X': 13146, 'CX': 19894, 'CRy(θ)': 98, 'CCCRy(θ)': 3283}"
H14,sto3g,2,3381,28,36421,13146,19992,3283,9975,0.003654750000009699,119.34468539500006,119.34834014500007,1348.247552,QclairServer,"{'X': 13146, 'CX': 19894, 'CRy(θ)': 98, 'CCCRy(θ)': 3283}"
H14,sto3g,3,3381,28,36421,13146,19992,3283,9990,0.003654750000009699,119.41374418399994,119.41739893399995,1368.170496,QclairServer,"{'X': 13146, 'CX': 19894, 'CRy(θ)': 98, 'CCCRy(θ)': 3283}"
H14,sto3g,4,3381,28,36421,13146,19992,3283,9979,0.003654750000009699,119.12791397000001,119.13156872000002,1388.09344,QclairServer,"{'X': 13146, 'CX': 19894, 'CRy(θ)': 98, 'CCCRy(θ)': 3283}"
H14,sto3g,5,3381,28,36421,13146,19992,3283,9989,0.003654750000009699,119.09275830499996,119.09641305499997,1408.016384,QclairServer,"{'X': 13146, 'CX': 19894, 'CRy(θ)': 98, 'CCCRy(θ)': 3283}"
H14,sto3g,6,3381,28,36421,13146,19992,3283,9988,0.003654750000009699,119.04822043500008,119.05187518500009,1427.41504,QclairServer,"{'X': 13146, 'CX': 19894, 'CRy(θ)': 98, 'CCCRy(θ)': 3283}"
H14,sto3g,7,3381,28,36421,13146,19992,3283,9985,0.003654750000009699,119.15147628799991,119.15513103799992,1447.862272,QclairServer,"{'X': 13146, 'CX': 19894, 'CRy(θ)': 98, 'CCCRy(θ)': 3283}"
H14,sto3g,8,3381,28,36421,13146,19992,3283,9977,0.003654750000009699,119.101053546,119.10470829600001,1467.785216,QclairServer,"{'X': 13146, 'CX': 19894, 'CRy(θ)': 98, 'CCCRy(θ)': 3283}"
H14,sto3g,9,3381,28,36421,13146,19992,3283,9985,0.003654750000009699,119.06730983900002,119.07096458900003,1487.183872,QclairServer,"{'X': 13146, 'CX': 19894, 'CRy(θ)': 98, 'CCCRy(θ)': 3283}"
H14,sto3g,10,3381,28,36421,13146,19992,3283,9985,0.003654750000009699,119.07804565100014,119.08170040100015,1506.582528,QclairServer,"{'X': 13146, 'CX': 19894, 'CRy(θ)': 98, 'CCCRy(θ)': 3283}"
H14,sto3g,11,3381,28,36421,13146,19992,3283,9992,0.003654750000009699,119.16737000100011,119.17102475100012,1526.505472,QclairServer,"{'X': 13146, 'CX': 19894, 'CRy(θ)': 98, 'CCCRy(θ)': 3283}"
H15,sto3g,1,4424,30,47782,17262,26208,4312,9994,0.0048037760002443974,624.5823086610003,624.5871124370005,1606.197248,QclairServer,"{'X': 17262, 'CX': 26096, 'CRy(θ)': 112, 'CCCRy(θ)': 4312}"
H15,sto3g,2,4424,30,47782,17262,26208,4312,9995,0.0048037760002443974,624.7493883550001,624.7541921310003,1633.460224,QclairServer,"{'X': 17262, 'CX': 26096, 'CRy(θ)': 112, 'CCCRy(θ)': 4312}"
H15,sto3g,3,4424,30,47782,17262,26208,4312,9995,0.0048037760002443974,624.6438990630004,624.6487028390006,1660.7232,QclairServer,"{'X': 17262, 'CX': 26096, 'CRy(θ)': 112, 'CCCRy(θ)': 4312}"
H15,sto3g,4,4424,30,47782,17262,26208,4312,9996,0.0048037760002443974,624.5011933790001,624.5059971550004,1688.510464,QclairServer,"{'X': 17262, 'CX': 26096, 'CRy(θ)': 112, 'CCCRy(θ)': 4312}"
H15,sto3g,5,4424,30,47782,17262,26208,4312,9997,0.0048037760002443974,624.5990310139996,624.6038347899998,1716.297728,QclairServer,"{'X': 17262, 'CX': 26096, 'CRy(θ)': 112, 'CCCRy(θ)': 4312}"
H15,sto3g,6,4424,30,47782,17262,26208,4312,9994,0.0048037760002443974,624.6388194900001,624.6436232660003,1743.560704,QclairServer,"{'X': 17262, 'CX': 26096, 'CRy(θ)': 112, 'CCCRy(θ)': 4312}"
H15,sto3g,7,4424,30,47782,17262,26208,4312,9994,0.0048037760002443974,624.5841099380004,624.5889137140007,1770.82368,QclairServer,"{'X': 17262, 'CX': 26096, 'CRy(θ)': 112, 'CCCRy(θ)': 4312}"
H15,sto3g,8,4424,30,47782,17262,26208,4312,9995,0.0048037760002443974,624.5768142679999,624.5816180440002,1798.086656,QclairServer,"{'X': 17262, 'CX': 26096, 'CRy(θ)': 112, 'CCCRy(θ)': 4312}"
H15,sto3g,9,4424,30,47782,17262,26208,4312,9993,0.0048037760002443974,624.7616964709996,624.7665002469998,1825.349632,QclairServer,"{'X': 17262, 'CX': 26096, 'CRy(θ)': 112, 'CCCRy(θ)': 4312}"
H15,sto3g,10,4424,30,47782,17262,26208,4312,9993,0.0048037760002443974,624.6542021309997,624.6590059069999,1852.612608,QclairServer,"{'X': 17262, 'CX': 26096, 'CRy(θ)': 112, 'CCCRy(θ)': 4312}"
H15,sto3g,11,4424,30,47782,17262,26208,4312,9993,0.0048037760002443974,624.6343932199998,624.639196996,1880.399872,QclairServer,"{'X': 17262, 'CX': 26096, 'CRy(θ)': 112, 'CCCRy(θ)': 4312}"
H16,sto3g,1,5792,32,62704,22672,34368,5664,10000,0.05692446399916662,3149.2781630440004,3149.3350875079996,1986.830336,QclairServer,"{'X': 22672, 'CX': 34240, 'CRy(θ)': 128, 'CCCRy(θ)': 5664}"
H16,sto3g,2,5792,32,62704,22672,34368,5664,9996,0.05692446399916662,3150.187217351,3150.2441418149992,2023.530496,QclairServer,"{'X': 22672, 'CX': 34240, 'CRy(θ)': 128, 'CCCRy(θ)': 5664}"
H16,sto3g,3,5792,32,62704,22672,34368,5664,10000,0.05692446399916662,3149.2076032210025,3149.2645276850017,2059.18208,QclairServer,"{'X': 22672, 'CX': 34240, 'CRy(θ)': 128, 'CCCRy(θ)': 5664}"
H16,sto3g,4,5792,32,62704,22672,34368,5664,9997,0.05692446399916662,3150.095010789999,3150.151935253998,2096.930816,QclairServer,"{'X': 22672, 'CX': 34240, 'CRy(θ)': 128, 'CCCRy(θ)': 5664}"
H16,sto3g,5,5792,32,62704,22672,34368,5664,10000,0.05692446399916662,3150.1877723489997,3150.244696812999,2132.058112,QclairServer,"{'X': 22672, 'CX': 34240, 'CRy(θ)': 128, 'CCCRy(θ)': 5664}"
H16,sto3g,6,5792,32,62704,22672,34368,5664,10000,0.05692446399916662,3150.009062047,3150.065986510999,2168.758272,QclairServer,"{'X': 22672, 'CX': 34240, 'CRy(θ)': 128, 'CCCRy(θ)': 5664}"
H16,sto3g,7,5792,32,62704,22672,34368,5664,9998,0.05692446399916662,3149.7946386959993,3149.8515631599985,2204.934144,QclairServer,"{'X': 22672, 'CX': 34240, 'CRy(θ)': 128, 'CCCRy(θ)': 5664}"
H16,sto3g,8,5792,32,62704,22672,34368,5664,9998,0.05692446399916662,3148.939208805001,3148.996133269,2240.585728,QclairServer,"{'X': 22672, 'CX': 34240, 'CRy(θ)': 128, 'CCCRy(θ)': 5664}"
H16,sto3g,9,5792,32,62704,22672,34368,5664,10000,0.05692446399916662,3149.2013845610054,3149.2583090250046,2276.7616,QclairServer,"{'X': 22672, 'CX': 34240, 'CRy(θ)': 128, 'CCCRy(θ)': 5664}"
H16,sto3g,10,5792,32,62704,22672,34368,5664,9999,0.05692446399916662,3149.946931775994,3150.003856239993,2312.937472,QclairServer,"{'X': 22672, 'CX': 34240, 'CRy(θ)': 128, 'CCCRy(θ)': 5664}"
H16,sto3g,11,5792,32,62704,22672,34368,5664,9998,0.05692446399916662,3149.9922905170024,3150.0492149810016,2349.113344,QclairServer,"{'X': 22672, 'CX': 34240, 'CRy(θ)': 128, 'CCCRy(θ)': 5664}"
